SurveyID,SiteID,StartDate,EndDate,Quadrat,NumTraps
1,1,7/9/91,7/10/91,1,49
2,1,7/9/91,7/10/91,2,49
3,10,7/19/91,7/20/91,1,49
4,10,7/19/91,7/20/91,2,49
5,6,7/2/91,7/3/91,1,49
6,6,7/2/91,7/3/91,2,49
7,14,7/11/91,7/12/91,1,49
8,14,7/11/91,7/12/91,2,49
9,16,7/16/91,7/17/91,1,49
10,16,7/16/91,7/17/91,2,49
11,13,7/25/91,7/26/91,1,49
12,13,7/25/91,7/26/91,2,49
13,4,7/23/91,7/24/91,1,49
14,4,7/23/91,7/24/91,2,49
15,1,7/14/92,7/15/92,1,49
16,1,7/14/92,7/15/92,2,49
17,10,6/30/92,7/1/92,1,49
18,10,6/30/92,7/1/92,2,49
19,6,6/23/92,6/24/92,1,49
20,6,6/23/92,6/24/92,2,49
21,14,6/25/92,6/26/92,1,49
22,14,6/25/92,6/26/92,2,49
23,16,7/2/92,7/3/92,1,49
24,16,7/2/92,7/3/92,2,49
25,13,7/9/92,7/10/92,1,49
26,13,7/9/92,7/10/92,2,49
27,4,7/7/92,7/8/92,1,49
28,4,7/7/92,7/8/92,2,49
29,1,7/8/93,7/9/93,1,49
30,1,7/8/93,7/9/93,2,49
31,10,7/13/93,7/14/93,1,49
32,10,7/13/93,7/14/93,2,49
33,15,7/6/93,7/7/93,1,49
34,15,7/6/93,7/7/93,2,49
35,15,7/6/93,7/7/93,3,98
36,8,7/20/93,7/21/93,1,49
37,6,6/29/93,6/30/93,1,49
38,6,6/29/93,6/30/93,2,49
39,14,7/1/93,7/2/93,1,49
40,14,7/1/93,7/2/93,2,49
41,14,7/1/93,7/2/93,3,98
42,16,7/8/93,7/9/93,1,49
43,16,7/8/93,7/9/93,2,49
44,17,6/25/93,6/26/93,3,49
45,17,6/25/93,6/26/93,4,49
46,17,6/23/93,6/24/93,1,49
47,17,6/23/93,6/24/93,2,49
48,13,7/15/93,7/16/93,1,49
49,13,7/15/93,7/16/93,2,49
50,13,7/15/93,7/16/93,3,98
51,18,7/22/93,7/23/93,1,49
52,18,7/22/93,7/23/93,2,49
53,7,7/20/93,7/21/93,1,49
54,7,7/20/93,7/21/93,2,49
55,4,6/29/93,6/30/93,1,49
56,4,6/29/93,6/30/93,2,49
57,1,7/7/94,7/8/94,1,49
58,1,7/7/94,7/8/94,2,49
59,10,7/19/94,7/20/94,1,49
60,10,7/19/94,7/20/94,2,49
61,15,7/15/94,7/16/94,1,49
62,15,7/15/94,7/16/94,2,49
63,8,7/7/94,7/8/94,1,49
64,6,6/28/94,6/29/94,1,49
65,6,6/28/94,6/29/94,2,49
66,14,6/30/94,7/1/94,1,49
67,14,6/30/94,7/1/94,2,49
68,16,7/14/94,7/15/94,1,49
69,16,7/14/94,7/15/94,2,49
70,17,7/21/94,7/22/94,1,49
71,17,7/21/94,7/22/94,2,49
72,3,6/22/94,6/23/94,1,49
73,3,6/22/94,6/23/94,2,49
74,13,7/12/94,7/13/94,1,49
75,13,7/12/94,7/13/94,2,49
76,18,7/12/94,7/13/94,1,49
77,18,7/12/94,7/13/94,2,49
78,7,6/30/94,7/1/94,1,49
79,7,6/30/94,7/1/94,2,49
80,4,6/28/94,6/29/94,1,49
81,4,6/28/94,6/29/94,2,49
82,1,7/13/95,7/14/95,1,49
83,1,7/13/95,7/14/95,2,49
84,10,7/7/95,7/8/95,1,49
85,10,7/7/95,7/8/95,2,49
86,15,6/29/95,6/30/95,1,49
87,15,6/29/95,6/30/95,2,49
88,8,7/18/95,7/19/95,1,49
89,5,7/28/95,7/29/95,1,49
90,5,7/28/95,7/29/95,2,49
91,6,7/26/95,7/27/95,1,49
92,6,7/26/95,7/27/95,2,49
93,11,7/29/95,7/30/95,1,49
94,14,6/27/95,6/28/95,1,49
95,14,6/27/95,6/28/95,2,49
96,16,7/18/95,7/19/95,1,49
97,16,7/18/95,7/19/95,2,49
98,17,7/21/95,7/22/95,1,49
99,17,7/21/95,7/22/95,2,49
100,3,7/20/95,7/21/95,1,49
101,3,7/20/95,7/21/95,2,49
102,20,6/27/95,6/28/95,1,49
103,20,6/27/95,6/28/95,2,49
104,13,7/13/95,7/14/95,1,49
105,13,7/13/95,7/14/95,2,49
106,18,7/11/95,7/12/95,1,49
107,18,7/11/95,7/12/95,2,49
108,7,7/6/95,7/7/95,1,49
109,7,7/6/95,7/7/95,2,49
110,4,7/11/95,7/12/95,1,49
111,4,7/11/95,7/12/95,2,49
112,19,6/29/95,6/30/95,1,49
113,19,6/29/95,6/30/95,2,49
114,2,7/27/95,7/28/95,1,49
115,2,7/27/95,7/28/95,2,49
116,1,7/2/96,7/3/96,1,49
117,1,7/2/96,7/3/96,2,49
118,10,7/23/96,7/24/96,1,49
119,10,7/23/96,7/24/96,2,49
120,15,6/25/96,6/26/96,1,49
121,15,6/25/96,6/26/96,2,49
122,8,7/13/96,7/14/96,1,49
123,5,7/16/96,7/17/96,1,49
124,5,7/16/96,7/17/96,2,49
125,6,6/27/96,6/28/96,1,49
126,6,6/27/96,6/28/96,2,49
127,11,7/13/96,7/14/96,1,49
128,14,7/25/96,7/26/96,1,49
129,14,7/25/96,7/26/96,2,49
130,16,7/11/96,7/12/96,1,49
131,16,7/11/96,7/12/96,2,49
132,17,7/11/96,7/12/96,1,49
133,17,7/11/96,7/12/96,2,49
134,3,8/6/96,8/7/96,1,49
135,3,8/6/96,8/7/96,2,49
136,20,7/25/96,7/26/96,1,49
137,20,7/25/96,7/26/96,2,49
138,13,7/2/96,7/3/96,1,49
139,13,7/2/96,7/3/96,2,49
140,18,7/9/96,7/10/96,1,49
141,18,7/9/96,7/10/96,2,49
142,7,7/16/96,7/17/96,1,49
143,7,7/16/96,7/17/96,2,49
144,4,7/9/96,7/10/96,1,49
145,4,7/9/96,7/10/96,2,49
146,19,6/21/96,6/22/96,1,49
147,19,6/21/96,6/22/96,2,49
148,2,7/31/96,8/1/96,1,49
149,2,7/31/96,8/1/96,2,49
150,4,6/17/97,6/20/97,1,49
151,4,6/17/97,6/20/97,2,49
152,20,6/24/97,6/27/97,1,49
153,20,6/24/97,6/27/97,2,49
154,19,6/25/97,6/28/97,1,49
155,19,6/25/97,6/28/97,2,49
156,14,6/30/97,7/3/97,1,49
157,14,6/30/97,7/3/97,2,49
159,13,7/8/97,7/11/97,1,49
161,13,7/8/97,7/11/97,2,49
162,6,7/8/97,7/11/97,1,49
163,6,7/8/97,7/11/97,2,49
164,2,7/10/97,7/11/97,1,49
165,2,7/10/97,7/11/97,2,49
167,1,7/15/97,7/18/97,1,49
168,1,7/15/97,7/18/97,2,49
169,17,7/15/97,7/18/97,1,49
170,17,7/15/97,7/18/97,2,49
171,16,7/15/97,7/18/97,1,49
172,16,7/15/97,7/18/97,2,49
173,18,7/22/97,7/23/97,1,49
174,18,7/22/97,7/23/97,2,49
175,8,7/23/97,7/24/97,1,49
176,11,7/24/97,7/25/97,1,49
177,10,7/29/97,8/1/97,1,49
178,10,7/29/97,8/1/97,2,49
179,7,8/1/97,8/2/97,1,49
180,7,8/1/97,8/2/97,2,49
181,20,7/28/98,7/31/98,1,49
182,20,7/28/98,7/31/98,2,144
183,10,6/29/98,7/2/98,1,144
184,10,6/29/98,7/2/98,2,49
185,17,7/20/98,7/23/98,1,144
186,17,7/20/98,7/23/98,2,49
187,14,7/14/98,7/17/98,1,144
188,14,7/14/98,7/17/98,2,49
189,7,7/14/98,7/17/98,1,49
190,7,7/14/98,7/17/98,2,49
191,1,6/16/98,6/19/98,1,49
349,1,6/16/98,6/19/98,2,49
350,6,6/17/98,6/20/98,1,49
351,6,6/17/98,6/20/98,2,49
352,18,7/31/98,8/1/98,1,49
353,18,7/31/98,8/1/98,2,49
354,4,7/26/98,7/27/98,2,49
355,4,7/26/98,7/27/98,1,49
356,13,7/1/98,7/2/98,1,49
357,13,7/1/98,7/2/98,2,49
358,16,6/29/98,6/30/98,1,49
359,16,6/29/98,6/30/98,2,49
360,19,6/26/98,6/27/98,1,49
361,19,6/26/98,6/27/98,2,49
362,2,6/23/98,6/24/98,1,49
363,2,6/23/98,6/24/98,2,49
364,4,7/12/99,7/13/99,1,49
365,4,7/12/99,7/13/99,2,49
366,10,7/20/99,7/23/99,1,49
367,10,7/20/99,7/23/99,2,49
368,16,7/20/99,7/21/99,1,49
369,16,7/20/99,7/21/99,2,49
370,13,7/12/99,7/13/99,1,49
371,13,7/12/99,7/13/99,2,49
372,6,7/8/99,7/11/99,1,49
374,6,7/8/99,7/11/99,2,49
375,7,7/6/99,7/9/99,1,49
378,7,7/6/99,7/9/99,2,49
379,1,6/22/99,6/25/99,1,49
381,1,6/22/99,6/25/99,2,49
382,20,6/15/99,6/18/99,1,49
383,20,6/15/99,6/18/99,2,144
384,8,8/11/99,8/12/99,1,49
385,17,8/3/99,8/6/99,1,144
386,17,8/3/99,8/6/99,2,49
387,14,7/15/99,7/18/99,1,144
388,14,7/15/99,7/18/99,2,49
389,19,7/4/00,7/5/00,1,49
390,8,7/29/98,7/30/98,1,49
391,19,6/15/99,6/16/99,1,49
392,19,6/15/99,6/16/99,2,49
393,18,6/21/99,6/22/99,1,49
394,18,6/21/99,6/22/99,2,49
395,2,6/24/99,6/25/99,1,49
396,2,6/24/99,6/25/99,2,49
397,19,7/4/00,7/5/00,2,49
398,11,7/4/00,7/5/00,1,49
399,18,7/6/00,7/7/00,1,49
400,18,7/6/00,7/7/00,2,49
401,15,7/6/00,7/7/00,1,49
402,15,7/6/00,7/7/00,2,49
403,1,7/11/00,7/12/00,1,49
404,1,7/11/00,7/12/00,2,49
405,14,7/12/00,7/13/00,1,49
406,14,7/12/00,7/13/00,2,49
407,7,7/14/00,7/15/00,1,49
408,7,7/14/00,7/15/00,2,49
409,6,7/14/00,7/15/00,1,49
410,6,7/14/00,7/15/00,2,49
411,2,7/25/00,7/26/00,1,49
412,2,7/25/00,7/26/00,2,49
413,4,7/26/00,7/27/00,1,49
414,4,7/26/00,7/27/00,2,49
416,13,7/27/00,7/28/00,1,49
417,13,7/27/00,7/28/00,2,49
418,10,7/29/00,7/30/00,1,49
419,10,7/29/00,7/30/00,2,49
420,17,7/30/00,7/31/00,1,49
421,17,7/30/00,7/31/00,2,49
422,16,8/1/00,8/3/00,1,49
423,16,8/1/00,8/3/00,2,49
424,8,8/2/00,8/3/00,1,49
425,20,7/18/00,7/20/00,1,49
426,20,7/18/00,7/20/00,2,49
427,20,7/3/01,7/4/01,1,49
428,20,7/3/01,7/4/01,2,49
429,6,7/11/01,7/12/01,1,49
430,6,7/11/01,7/12/01,2,49
431,7,7/11/01,7/12/01,1,49
432,7,7/11/01,7/12/01,2,49
433,19,7/13/01,7/14/01,1,49
434,19,7/13/01,7/14/01,2,49
435,2,7/15/01,7/16/01,1,49
436,2,7/15/01,7/16/01,2,49
437,1,7/15/01,7/16/01,1,49
438,1,7/15/01,7/16/01,2,49
439,16,7/18/01,7/19/01,1,49
440,16,7/18/01,7/19/01,2,49
441,4,7/13/01,7/14/01,1,49
442,4,7/13/01,7/14/01,2,49
443,15,7/21/01,7/22/01,1,49
444,15,7/21/01,7/22/01,2,49
445,11,7/24/01,7/25/01,1,49
446,10,7/20/01,7/21/01,1,49
447,10,7/20/01,7/21/01,2,49
448,18,7/24/01,7/25/01,1,49
449,18,7/24/01,7/25/01,2,49
450,17,7/31/01,8/1/01,1,49
451,17,7/31/01,8/1/01,2,49
452,13,8/2/01,8/3/01,1,49
453,13,8/2/01,8/3/01,2,49
454,14,7/1/01,7/2/01,1,49
455,14,7/1/01,7/2/01,2,49
456,8,7/31/01,8/1/01,1,49
457,1,7/3/02,7/4/02,1,49
458,1,7/3/02,7/4/02,2,49
459,18,7/3/02,7/4/02,1,49
460,18,7/3/02,7/4/02,2,49
461,4,7/6/02,7/7/02,1,49
462,4,7/6/02,7/7/02,2,49
463,15,7/9/02,7/10/02,1,49
464,15,7/9/02,7/10/02,2,49
465,8,7/9/02,7/10/02,1,49
466,14,7/11/02,7/12/02,1,49
467,14,7/11/02,7/12/02,2,49
469,2,7/12/02,7/13/02,1,49
470,2,7/12/02,7/13/02,2,49
471,7,7/15/02,7/16/02,1,49
472,7,7/15/02,7/16/02,2,49
473,6,7/15/02,7/16/02,1,49
474,6,7/15/02,7/16/02,2,49
475,20,7/17/02,7/18/02,1,49
476,20,7/17/02,7/18/02,2,49
478,10,7/17/02,7/18/02,1,49
479,10,7/17/02,7/18/02,2,49
480,11,7/20/02,7/21/02,1,49
481,19,7/28/02,7/29/02,1,49
482,19,7/28/02,7/29/02,2,49
483,16,7/24/02,7/25/02,1,49
484,16,7/24/02,7/25/02,2,49
485,13,7/26/02,7/27/02,1,49
486,13,7/26/02,7/27/02,2,49
487,6,7/23/03,7/24/03,1,49
488,6,7/23/03,7/24/03,2,49
489,6,7/15/04,7/16/04,1,49
490,6,7/15/04,7/16/04,2,49
491,7,7/23/03,7/24/03,1,49
492,7,7/23/03,7/24/03,2,49
493,7,7/15/04,7/16/04,1,49
494,7,7/15/04,7/16/04,2,49
495,10,7/30/03,7/31/03,1,49
496,10,7/30/03,7/31/03,2,49
497,10,7/23/04,7/24/04,1,49
498,10,7/23/04,7/24/04,2,49
499,8,8/5/03,8/6/03,1,49
500,8,8/11/04,8/12/04,1,49
502,13,7/10/03,7/11/03,1,49
503,13,7/10/03,7/11/03,2,49
504,19,7/11/03,7/12/03,1,49
505,19,7/11/03,7/12/03,2,49
506,14,7/13/03,7/14/03,1,49
507,14,7/13/03,7/14/03,2,49
508,1,7/15/03,7/16/03,1,49
509,1,7/15/03,7/16/03,2,49
510,18,7/15/03,7/16/03,1,49
511,18,7/15/03,7/16/03,2,49
512,4,7/19/03,7/20/03,1,49
513,4,7/19/03,7/20/03,2,49
514,20,7/21/03,7/22/03,1,49
515,20,7/21/03,7/22/03,2,49
517,11,7/25/03,7/26/03,1,49
518,17,7/26/03,7/27/03,1,49
519,17,7/26/03,7/27/03,2,49
520,16,7/28/03,7/29/03,1,49
521,16,7/28/03,7/29/03,2,49
522,2,8/8/03,8/9/03,1,49
523,2,8/8/03,8/9/03,2,49
524,4,8/3/04,8/4/04,1,49
525,4,8/3/04,8/4/04,2,49
526,11,8/4/04,8/5/04,1,49
527,13,8/5/04,8/6/04,1,49
528,13,8/5/04,8/6/04,2,49
529,17,8/3/04,8/4/04,1,49
530,17,8/3/04,8/4/04,2,49
532,2,7/6/04,7/7/04,1,49
533,2,7/6/04,7/7/04,2,49
534,15,7/7/04,7/8/04,1,49
535,15,7/7/04,7/8/04,2,49
536,1,7/13/04,7/14/04,1,49
537,1,7/13/04,7/14/04,2,49
538,18,7/13/04,7/14/04,1,49
539,18,7/13/04,7/14/04,2,49
540,19,7/18/04,7/19/04,1,49
541,19,7/18/04,7/19/04,2,49
542,20,7/19/04,7/20/04,1,49
543,20,7/19/04,7/20/04,2,49
544,14,7/28/04,7/29/04,1,49
545,14,7/28/04,7/29/04,2,49
546,16,7/30/04,7/31/04,1,49
547,16,7/30/04,7/31/04,2,49
548,1,6/29/05,6/30/05,1,49
549,1,6/29/05,6/30/05,2,49
550,18,6/29/05,6/30/05,1,49
551,18,6/29/05,6/30/05,2,49
552,14,7/1/05,7/2/05,1,49
553,14,7/1/05,7/2/05,2,49
555,15,7/1/05,7/2/05,1,49
556,15,7/1/05,7/2/05,2,49
557,7,7/6/05,7/7/05,1,49
558,7,7/6/05,7/7/05,2,49
559,6,7/6/05,7/7/05,1,49
560,6,7/6/05,7/7/05,2,49
561,4,7/12/05,7/13/05,1,49
562,4,7/12/05,7/13/05,2,49
563,2,7/12/05,7/13/05,1,49
564,2,7/12/05,7/13/05,2,49
566,13,7/14/05,7/15/05,1,49
567,13,7/14/05,7/15/05,2,49
568,19,7/19/05,7/20/05,1,49
569,19,7/19/05,7/20/05,2,49
570,11,7/21/05,7/22/05,1,49
571,20,7/21/05,7/23/05,1,49
572,20,7/21/05,7/23/05,2,49
573,16,7/24/05,7/25/05,1,49
574,16,7/24/05,7/25/05,2,49
575,17,7/26/05,7/28/05,1,49
576,17,7/26/05,7/28/05,2,49
578,10,8/7/05,8/10/05,1,49
579,10,8/7/05,8/10/05,2,49
580,8,8/13/05,8/14/05,1,49
584,6,7/8/06,7/9/06,1,49
585,6,7/8/06,7/9/06,2,49
586,7,7/8/06,7/9/06,1,49
587,7,7/8/06,7/9/06,2,49
588,20,6/28/06,6/29/06,1,49
589,20,6/28/06,6/29/06,2,49
591,4,7/12/06,7/13/06,1,49
592,4,7/12/06,7/13/06,2,49
593,1,7/14/06,7/15/06,1,49
594,1,7/14/06,7/15/06,2,49
595,18,7/14/06,7/15/06,1,49
596,18,7/14/06,7/15/06,2,49
597,15,7/19/06,7/20/06,1,49
598,15,7/19/06,7/20/06,2,49
599,10,7/20/06,7/21/06,1,49
600,10,7/20/06,7/21/06,2,49
601,19,7/21/06,7/22/06,1,49
602,19,7/21/06,7/22/06,2,49
603,2,7/22/06,7/23/06,1,49
604,2,7/22/06,7/23/06,2,49
605,14,7/25/06,7/26/06,1,49
606,14,7/25/06,7/26/06,2,49
607,11,7/28/06,7/29/06,1,49
608,8,8/3/06,8/4/06,1,49
609,16,8/2/06,8/3/06,1,49
610,16,8/2/06,8/3/06,2,49
611,17,8/9/06,8/10/06,1,49
612,17,8/9/06,8/10/06,2,49
613,13,8/22/06,8/23/06,1,49
614,13,8/22/06,8/23/06,2,49
616,10,8/8/07,8/9/07,1,49
617,10,8/8/07,8/9/07,2,49
619,54,7/19/06,7/20/06,1,49
620,54,8/15/07,8/16/07,1,49
621,14,8/28/07,8/29/07,1,49
622,14,8/28/07,8/29/07,2,49
623,8,8/30/07,8/31/07,1,49
624,15,7/2/08,7/3/08,1,49
625,15,7/2/08,7/3/08,2,49
626,14,7/15/08,7/16/08,1,49
627,14,7/15/08,7/16/08,2,49
628,54,7/15/08,7/16/08,1,49
629,20,7/17/08,7/18/08,1,49
630,20,7/17/08,7/18/08,2,49
631,10,7/24/08,7/25/08,1,49
632,10,7/24/08,7/25/08,2,49
633,19,7/31/08,8/1/08,1,49
634,19,7/31/08,8/1/08,2,49
635,1,8/18/08,8/19/08,1,49
636,1,8/18/08,8/19/08,2,49
637,13,8/18/08,8/19/08,1,49
638,13,8/18/08,8/19/08,2,49
639,15,7/1/09,7/2/09,1,49
641,15,7/1/09,7/2/09,2,49
642,19,7/9/09,7/10/09,1,49
643,19,7/9/09,7/10/09,2,49
644,14,7/15/09,7/16/09,1,49
645,14,7/15/09,7/16/09,2,49
646,16,7/22/09,7/23/09,1,49
647,16,7/22/09,7/23/09,2,49
648,54,7/23/09,7/24/09,1,49
649,6,7/29/09,7/30/09,1,49
650,6,7/29/09,7/30/09,2,49
651,7,7/29/09,7/30/09,1,49
652,7,7/29/09,7/30/09,2,49
653,20,7/31/09,8/1/09,1,49
654,20,7/31/09,8/1/09,2,49
655,10,8/7/09,8/8/09,1,49
656,10,8/7/09,8/8/09,2,49
657,8,8/12/09,8/13/09,1,49
658,15,7/7/10,7/8/10,1,49
659,15,7/7/10,7/8/10,2,49
660,10,7/23/10,7/24/10,1,49
661,10,7/23/10,7/24/10,2,49
662,19,7/20/10,7/21/10,1,49
663,19,7/20/10,7/21/10,2,49
664,14,7/23/10,7/24/10,1,49
665,14,7/23/10,7/24/10,2,49
666,16,7/27/10,7/28/10,1,49
667,16,7/27/10,7/28/10,2,49
668,54,7/29/10,7/30/10,1,49
669,20,8/3/10,8/4/10,1,49
670,20,8/3/10,8/4/10,2,49
671,17,8/12/10,8/13/10,1,49
672,17,8/12/10,8/13/10,2,49
673,8,8/30/10,8/31/10,1,49
674,20,6/28/11,6/29/11,1,49
675,20,6/28/11,6/29/11,2,49
676,54,7/6/11,7/7/11,1,49
677,14,7/12/11,7/13/11,1,49
678,14,7/12/11,7/13/11,2,49
679,15,7/19/11,7/20/11,1,49
680,15,7/19/11,7/20/11,2,49
681,19,7/21/11,7/22/11,1,49
682,19,7/21/11,7/22/11,2,49
683,8,7/27/11,7/28/11,1,49
684,10,8/2/11,8/3/11,1,49
685,10,8/2/11,8/3/11,2,49
686,4,8/11/11,8/12/11,1,49
687,4,8/11/11,8/12/11,2,49
688,16,8/30/11,8/31/11,1,49
689,16,8/30/11,8/31/11,2,49
691,55,9/21/11,9/22/11,1,49
692,1,6/27/12,6/28/12,1,49
693,1,6/27/12,6/28/12,2,49
694,13,6/27/12,6/28/12,1,49
695,13,6/27/12,6/28/12,2,49
696,14,7/12/12,7/14/12,1,49
697,14,7/12/12,7/14/12,2,49
698,20,7/18/12,7/19/12,1,49
699,20,7/18/12,7/19/12,2,49
700,4,7/24/12,7/25/12,1,49
701,4,7/24/12,7/25/12,2,49
702,10,7/25/12,7/26/12,1,49
703,10,7/25/12,7/26/12,2,49
704,6,7/27/12,7/28/12,1,49
705,6,7/27/12,7/28/12,2,49
706,7,7/27/12,7/28/12,1,49
707,7,7/27/12,7/28/12,2,49
708,16,7/31/12,8/1/12,1,49
709,16,7/31/12,8/1/12,2,49
710,8,8/5/12,8/6/12,1,49
711,19,8/9/12,8/10/12,1,49
712,19,8/9/12,8/10/12,2,49
713,20,6/28/13,6/29/13,1,49
714,20,6/28/13,6/29/13,2,49
715,16,7/9/13,7/10/13,1,49
716,16,7/9/13,7/10/13,2,49
717,14,7/11/13,7/12/13,2,49
719,14,7/11/13,7/12/13,1,49
720,10,7/16/13,7/17/13,1,49
721,10,7/16/13,7/17/13,2,49
722,4,7/18/13,7/19/13,1,49
723,4,7/18/13,7/19/13,2,49
724,6,7/23/13,7/24/13,1,49
725,6,7/23/13,7/24/13,2,49
726,19,7/25/13,7/27/13,1,49
727,19,7/25/13,7/27/13,2,49
728,13,7/30/13,7/31/13,1,49
729,13,7/30/13,7/31/13,2,49
730,1,7/30/13,7/31/13,1,49
731,1,7/30/13,7/31/13,2,49
733,62,8/1/13,8/2/13,2,49
734,11,8/1/13,8/2/13,1,49
735,15,8/4/13,8/5/13,1,49
736,15,8/4/13,8/5/13,2,49
737,17,8/6/13,8/7/13,1,49
738,17,8/6/13,8/7/13,2,49
739,8,8/15/13,8/16/13,1,49
740,14,7/9/14,7/11/14,1,49
741,14,7/9/14,7/11/14,2,49
742,15,7/16/14,7/17/14,1,49
743,15,7/16/14,7/17/14,2,49
744,20,7/22/14,7/23/14,1,49
745,20,7/22/14,7/23/14,2,49
746,4,7/25/14,7/26/14,1,49
747,4,7/25/14,7/26/14,2,49
748,13,7/30/14,7/31/14,1,49
749,13,7/30/14,7/31/14,2,49
750,1,7/30/14,7/31/14,1,49
751,1,7/30/14,7/31/14,2,49
752,6,8/1/14,8/2/14,1,49
754,6,8/1/14,8/2/14,2,49
755,17,8/8/14,8/10/14,1,49
756,17,8/8/14,8/10/14,2,49
757,10,8/7/14,8/9/14,1,49
758,10,8/7/14,8/9/14,2,49
759,11,8/12/14,8/14/14,1,49
760,7,8/12/14,8/14/14,1,49
761,7,8/14/14,8/16/14,2,49
762,14,6/24/15,6/27/15,1,49
763,14,6/24/15,6/27/15,2,49
764,19,7/17/15,7/20/15,1,49
765,19,7/17/15,7/20/15,2,49
766,4,7/22/15,7/23/15,1,49
767,4,7/22/15,7/23/15,2,49
768,1,7/30/15,7/31/15,1,49
769,1,7/30/15,7/31/15,2,49
770,10,9/29/15,9/30/15,1,49
771,10,9/29/15,9/30/15,2,49
772,6,10/8/15,10/9/15,1,49
773,6,10/8/15,10/9/15,2,49
774,13,10/23/15,10/24/15,1,49
775,13,10/23/15,10/24/15,2,49
776,16,10/28/15,10/29/15,1,49
777,16,10/28/15,10/29/15,2,49
779,4,7/6/16,7/7/16,1,49
780,4,7/6/16,7/7/16,2,49
781,13,7/20/16,7/21/16,1,49
782,13,7/20/16,7/21/16,2,49
783,6,7/22/16,7/23/16,1,49
784,6,7/22/16,7/23/16,2,49
785,10,7/26/16,7/27/16,1,49
786,10,7/26/16,7/27/16,2,49
787,19,7/26/16,7/27/16,1,49
788,19,7/26/16,7/27/16,2,49
789,7,8/16/16,8/17/16,1,49
790,7,8/16/16,8/17/16,2,49
791,20,8/24/16,8/25/16,1,49
792,20,8/24/16,8/25/16,2,49
793,14,8/31/16,9/3/16,1,49
794,14,8/31/16,9/3/16,2,49
795,15,6/7/17,6/8/17,1,49
796,15,6/7/17,6/8/17,2,49
797,4,7/6/17,7/7/17,1,49
798,4,7/6/17,7/7/17,2,49
799,6,7/12/17,7/13/17,1,49
800,6,7/12/17,7/13/17,2,49
801,14,7/15/17,7/17/17,1,49
802,14,7/15/17,7/16/17,2,49
803,1,7/26/17,7/27/17,1,49
804,1,7/26/17,7/27/17,2,49
805,10,8/16/17,8/17/17,1,49
806,10,8/16/17,8/17/17,2,49
807,63,8/25/17,8/26/17,1,49
808,63,8/25/17,8/26/17,2,49
809,20,7/7/15,7/8/15,1,49
810,20,7/7/15,7/8/15,2,49
812,2,6/29/18,6/30/18,1,49
813,2,6/29/18,6/30/18,2,49
814,20,7/13/18,7/14/18,1,49
815,20,7/13/18,7/14/18,2,49
816,14,7/17/18,7/18/18,1,49
817,14,7/17/18,7/18/18,2,49
818,13,7/19/18,7/20/18,1,49
819,13,7/19/18,7/20/18,2,49
820,19,7/28/18,7/29/18,1,49
821,19,7/28/18,7/29/18,2,49
822,7,7/31/18,8/1/18,1,49
823,7,7/31/18,8/1/18,2,49
824,11,8/8/18,8/9/18,1,49
825,6,8/15/18,8/16/18,1,49
826,6,8/15/18,8/16/18,2,49
827,4,8/28/18,8/29/18,1,49
828,4,8/28/18,8/29/18,2,49
829,10,8/23/18,8/24/18,1,49
830,10,8/23/18,8/24/18,2,49
831,16,9/6/18,9/7/18,1,49
832,16,9/6/18,9/7/18,2,49
833,8,9/18/18,9/19/18,1,49
836,40,9/21/11,9/22/11,2,49
837,14,6/20/19,6/22/19,1,49
838,14,6/20/19,6/22/19,2,49
839,6,7/3/19,7/4/19,1,49
840,6,7/3/19,7/4/19,2,49
841,4,7/16/19,7/17/19,1,49
842,4,7/16/19,7/17/19,2,49
844,1,7/28/19,7/29/19,1,49
845,1,7/28/19,7/29/19,2,49
847,18,8/9/19,8/10/19,1,49
848,18,8/9/19,8/10/19,2,49
849,15,8/12/19,8/14/19,1,49
850,15,8/12/19,8/14/19,2,49
851,10,8/20/19,8/21/19,1,49
852,10,8/20/19,8/21/19,2,49
853,17,8/23/19,8/24/19,1,49
854,17,8/23/19,8/24/19,2,49
855,4,6/30/20,7/1/20,1,49
856,4,6/30/20,7/1/20,2,49
857,16,7/2/20,7/3/20,1,49
858,16,7/2/20,7/3/20,2,49
859,20,7/15/20,7/16/20,1,49
860,20,7/15/20,7/16/20,2,49
861,6,7/29/20,7/30/20,1,49
863,6,7/29/20,7/30/20,2,49
864,13,8/12/20,8/13/20,1,49
865,13,8/12/20,8/13/20,2,49
866,1,8/20/20,8/21/20,1,49
867,1,8/20/20,8/21/20,2,49
868,14,5/12/20,5/14/20,1,49
869,14,5/12/20,5/14/20,2,49
870,1,8/5/21,8/6/21,1,49
871,4,7/8/21,7/9/21,1,49
872,4,7/8/21,7/9/21,2,49
873,13,7/13/21,7/15/21,1,49
874,13,7/13/21,7/15/21,2,49
875,16,7/20/21,7/21/21,2,49
876,16,7/20/21,7/21/21,1,49
877,14,7/22/21,7/23/21,2,49
879,14,7/22/21,7/23/21,1,49
880,6,7/29/21,7/30/21,1,49
881,6,7/29/21,7/30/21,2,49
882,1,8/5/21,8/6/21,2,49
883,10,9/9/21,9/10/21,2,49
884,10,9/9/21,9/10/21,1,49
885,4,7/27/22,7/28/22,1,49
886,4,7/27/22,7/28/22,2,49
887,14,7/19/22,7/20/22,1,49
888,14,7/19/22,7/20/22,2,49
889,13,7/13/22,7/14/22,1,49
890,13,7/13/22,7/14/22,2,49
891,6,7/29/22,7/30/22,1,49
892,6,7/29/22,7/30/22,2,49
893,10,8/4/22,8/5/22,2,49
894,10,8/4/22,8/5/22,1,49
895,15,9/14/23,9/15/23,1,49
896,14,9/14/23,9/15/23,2,49